First Name,Last Name,Category
Victoria,Young,African
Darius,Cooper,African
Shanice,Wright,African
Keisha,Nelson,African
Jayden,Reed,African
Elijah,Evans,African
Noah,Campbell,African
Malik,Wright,African
Jocelyn,Martin,African
Darius,Allen,African
Keisha,Edwards,African
Zoe,Phillips,African
Darius,Edwards,African
Jasmine,Thompson,African
Aiden,Campbell,African
Skylar,Morgan,African
Keisha,Scott,African
Genesis,Torres,African
Amir,Thomas,African
Andre,Cooper,African
Amir,Roberts,African
Isaiah,White,African
Brianna,Jackson,African
Aaliyah,Campbell,African
Mason,Campbell,African
Brianna,Davis,African
Malik,Reed,African
Malik,Rogers,African
Jaden,Adams,African
Genesis,Smith,African
Amir,Nguyen,African
Jayden,Baker,African
Skylar,Parker,African
Caleb,Nelson,African
Jayla,Walker,African
Camila,Nguyen,African
Jaxon,Reed,African
Kennedy,Lee,African
Jaden,Campbell,African
Mila,King,African
Isaiah,Morgan,African
Jamal,Nelson,African
Keisha,Rivera,African
Shanice,Rivera,African
Malik,Walker,African
Keisha,Flores,African
Terrence,Wright,African
Shanice,Morgan,African
Victoria,Nelson,African
Serenity,Nguyen,African
Serenity,Robinson,African
Jasmine,Robinson,African
Nia,Carter,African
Carter,Reed,African
Aiden,Baker,African
Kennedy,Jackson,African
Ebony,Hill,African
Jayden,Hall,African
Ebony,Campbell,African
Jayla,Campbell,African
Jeremiah,Green,African
Victoria,Young,African
Camila,Martin,African
Elijah,Torres,African
Jaxon,Mitchell,African
Malik,White,African
Keisha,Stewart,African
Darius,Brown,African
Zuri,Edwards,African
Nia,Parker,African
Jasmine,Morris,African
Mason,King,African
Ethan,Turner,African
Zuri,Nguyen,African
Aiden,Reed,African
Brielle,Baker,African
Cameron,Williams,African
Aria,Nelson,African
Nia,Carter,African
Latoya,Rivera,African
Camila,Rivera,African
Nia,Green,African
Mila,Hill,African
Noah,Green,African
Brielle,Collins,African
Keisha,Wright,African
Jeremiah,Evans,African
Zoe,Jackson,African
Malik,Adams,African
Jamal,Cooper,African
Terrence,Young,African
Kennedy,Torres,African
Xavier,Evans,African
Jocelyn,Murphy,African
Keshawn,Murphy,African
Jayla,Murphy,African
Jeremiah,King,African
Layla,Lewis,African
Caleb,Parker,African
Jaden,Edwards,African
Andre,Rivera,African
Josiah,Williams,African
Elijah,Jones,African
Skylar,Phillips,African
Nia,Morgan,African
Victoria,Reed,African
Terrence,Edwards,African
Ava,Scott,African
Aria,Davis,African
Mason,Phillips,African
Ethan,Rivera,African
Nia,Green,African
Zoe,Torres,African
Imani,Rogers,African
Cameron,Brown,African
Ethan,Flores,African
Tanisha,Robinson,African
Victoria,Allen,African
Kennedy,Jackson,African
Aaliyah,Hill,African
Michael,Mitchell,African
Skylar,Flores,African
Malik,Harris,African
Skylar,Jones,African
Andre,Rivera,African
Zuri,Roberts,African
Andre,Lee,African
Carter,Rogers,African
Ethan,Jackson,African
Jaxon,Adams,African
Tanisha,Lee,African
Jamal,Lee,African
Ethan,Johnson,African
Mason,Morris,African
Malik,Rogers,African
Riley,Turner,African
Keshawn,Jackson,African
Michael,Green,African
Malik,Hall,African
Xavier,Carter,African
Riley,Phillips,African
Camila,Scott,African
Nia,Lee,African
Ethan,Murphy,African
Jocelyn,Martin,African
Jasmine,King,African
Skylar,Baker,African
Jayden,White,African
Jasmine,Mitchell,African
Tanisha,Mitchell,African
Jeremiah,Reed,African
Aiden,Robinson,African
Ava,Cooper,African
Layla,Evans,African
Xavier,Walker,African
Keisha,Mitchell,African
Brianna,Torres,African
Genesis,Edwards,African
Keisha,Brown,African
Keisha,Roberts,African
Keshawn,Baker,African
Victoria,Rogers,African
Keisha,Robinson,African
Cameron,Flores,African
Jaden,Roberts,African
Keshawn,Hall,African
Latoya,Phillips,African
Elijah,Phillips,African
Jasmine,Turner,African
Xavier,Collins,African
Carter,Evans,African
Mila,Nguyen,African
Riley,Phillips,African
Xavier,Rogers,African
Amir,Evans,African
Imani,Lewis,African
Malik,Green,African
Jocelyn,Mitchell,African
Jocelyn,Collins,African
Aria,Davis,African
Jayden,Robinson,African
Elijah,Edwards,African
Jeremiah,Harris,African
Terrence,Thomas,African
Brielle,Hill,African
Brianna,Cooper,African
Jaden,Hill,African
Latoya,Rogers,African
Imani,Nguyen,African
Ava,Lee,African
Jocelyn,Nguyen,African
Shanice,Baker,African
Latoya,Morris,African
Carter,Edwards,African
Ava,Young,African
Jaden,Smith,African
Camila,Cooper,African
Jamal,Jackson,African
Jeremiah,Cooper,African
Jaxon,Rivera,African
Caleb,Collins,African
Carter,Cooper,African
Jaden,Cooper,African
Ebony,Morris,African
Riley,Allen,African
Jasmine,Flores,African
Brielle,Johnson,African
Jamal,Hill,African
Jayla,Green,African
Jeremiah,Turner,African
Nia,Turner,African
Malik,Carter,African
Aria,Nguyen,African
Jocelyn,Peterson,African
Mason,Smith,African
Jeremiah,White,African
Camila,Williams,African
Josiah,Cook,African
Aaliyah,Mitchell,African
Tanisha,Rogers,African
Caleb,White,African
Mila,Jones,African
Skylar,Nguyen,African
Michael,Rogers,African
Jamal,Lewis,African
Mila,Wright,African
Zoe,Thomas,African
Jaden,Peterson,African
Ebony,Lewis,African
Mason,Baker,African
Malik,Davis,African
Imani,Cook,African
Genesis,Thomas,African
Elijah,Green,African
Keisha,Turner,African
Xavier,Edwards,African
Noah,Peterson,African
Latoya,Wright,African
Genesis,Edwards,African
Kennedy,Jackson,African
Jocelyn,Wright,African
Mila,Davis,African
Layla,Baker,African
Carter,Wright,African
Jasmine,Peterson,African
Josiah,Williams,African
Latoya,Allen,African
Brielle,Green,African
Elijah,Peterson,African
Tanisha,Murphy,African
Zuri,Davis,African
Michael,Torres,African
Keshawn,Campbell,African
Aria,Cooper,African
Jeremiah,Hall,African
Jeremiah,King,African
Keshawn,Martin,African
Jasmine,Thomas,African
Nia,Murphy,African
Carter,Green,African
Ethan,Turner,African
Ethan,Evans,African
Serenity,Carter,African
Ebony,Williams,African
Jaxon,Flores,African
Isaiah,Lee,African
Kennedy,Thomas,African
Jeremiah,Mitchell,African
Aiden,Jones,African
Andre,Stewart,African
Amir,Thompson,African
Tanisha,Thompson,African
Aiden,Rivera,African
Carter,Young,African
Xavier,Jackson,African
Terrence,Rogers,African
Terrence,Johnson,African
Camila,Murphy,African
Nia,Jackson,African
Genesis,Thomas,African
Josiah,Lee,African
Jasmine,Harris,African
Victoria,Turner,African
Nia,Williams,African
Riley,Johnson,African
Cameron,Flores,African
Jaden,White,African
Malik,Young,African
Jocelyn,Harris,African
Shanice,Brown,African
Andre,Edwards,African
Malik,Hill,African
Victoria,Edwards,African
Nia,Adams,African
Jayden,Stewart,African
Camila,Nelson,African
Jocelyn,Smith,African
Andre,Nelson,African
Keshawn,Peterson,African
Noah,Brown,African
Cameron,Flores,African
Skylar,Rivera,African
Jaxon,Hill,African
Mila,Green,African
Aaliyah,Cooper,African
Xavier,Jones,African
Tanisha,Adams,African
Noah,Wright,African
Xavier,Torres,African
Jaden,Baker,African
Noah,Rogers,African
Jasmine,Jones,African
Latoya,Davis,African
Terrence,Roberts,African
Malik,Jones,African
Noah,Walker,African
Brielle,Phillips,African
Kennedy,Campbell,African
Aaliyah,Young,African
Carter,Reed,African
Ethan,Hill,African
Caleb,Green,African
Amir,Roberts,African
Ethan,Davis,African
Darius,Parker,African
Jayden,Murphy,African
Zuri,Evans,African
Carter,Stewart,African
Xavier,Collins,African
Ethan,Thompson,African
Amir,Green,African
Nia,White,African
Xavier,Young,African
Terrence,Green,African
Ethan,Wright,African
Jaden,Davis,African
Keisha,Scott,African
Amir,Turner,African
Aria,Allen,African
Tanisha,Jackson,African
Xavier,Morgan,African
Keisha,Jones,African
Darius,Nguyen,African
Imani,Davis,African
Zuri,Davis,African
Ethan,Collins,African
Caleb,Morris,African
Shanice,Campbell,African
Victoria,Carter,African
Brielle,Mitchell,African
Jeremiah,Young,African
Skylar,Thomas,African
Carter,Hall,African
Terrence,Turner,African
Caleb,Edwards,African
Imani,Rivera,African
Caleb,Collins,African
Nia,Cooper,African
Terrence,Roberts,African
Ava,Hall,African
Jayden,Mitchell,African
Tanisha,Thompson,African
Genesis,Evans,African
Layla,White,African
Jayla,Smith,African
Mila,Murphy,African
Latoya,Allen,African
Josiah,Stewart,African
Andre,Mitchell,African
Carter,Morris,African
Skylar,Murphy,African
Josiah,Cooper,African
Jayden,Morris,African
Elijah,Roberts,African
Serenity,Evans,African
Keshawn,Williams,African
Aiden,Morgan,African
Zuri,Nguyen,African
Zuri,Walker,African
Jaden,Martin,African
Josiah,Parker,African
Tanisha,Lewis,African
Tanisha,Young,African
Brielle,Johnson,African
Brielle,Rivera,African
Tanisha,Mitchell,African
Xavier,Wright,African
Jocelyn,Jackson,African
Carter,Phillips,African
Elijah,Williams,African
Cameron,Edwards,African
Kennedy,Thompson,African
Tanisha,Wright,African
Skylar,Hall,African
Andre,Allen,African
Shanice,Collins,African
Jocelyn,Stewart,African
Mila,Mitchell,African
Aiden,Davis,African
Aria,Brown,African
Ava,Jackson,African
Jasmine,Roberts,African
Riley,Turner,African
Noah,Walker,African
Xavier,Turner,African
Ebony,Baker,African
Malik,Green,African
Layla,Walker,African
Victoria,Edwards,African
Brianna,Smith,African
Amir,Scott,African
Michael,Robinson,African
Elijah,Turner,African
Keisha,Baker,African
Jasmine,Turner,African
Darius,Brown,African
Latoya,King,African
Riley,Carter,African
Jaden,Johnson,African
Keshawn,Lewis,African
Jocelyn,Thompson,African
Victoria,Thomas,African
Imani,Lee,African
Isaiah,Young,African
Zoe,Johnson,African
Latoya,Edwards,African
Aiden,Harris,African
Andre,King,African
Michael,Parker,African
Malik,Nelson,African
Terrence,Nguyen,African
Jocelyn,Morris,African
Ebony,Jones,African
Mason,Rivera,African
Layla,Brown,African
Jamal,Johnson,African
Latoya,Morgan,African
Jaden,Rivera,African
Aria,Mitchell,African
Xavier,Mitchell,African
Elijah,Parker,African
Jeremiah,Wright,African
Genesis,Smith,African
Mason,Williams,African
Noah,Young,African
Kennedy,Morris,African
Josiah,Roberts,African
Zoe,Nguyen,African
Jaxon,Rogers,African
Skylar,Davis,African
Noah,Murphy,African
Jayden,Lee,African
Riley,Carter,African
Nia,Hill,African
Latoya,King,African
Victoria,Lewis,African
Malik,Young,African
Layla,Young,African
Kennedy,Harris,African
Shanice,Nelson,African
Keshawn,Smith,African
Shanice,Nelson,African
Nia,Rogers,African
Zuri,Hall,African
Skylar,Collins,African
Aaliyah,Morris,African
Keisha,Morris,African
Isaiah,White,African
Josiah,Jackson,African
Keshawn,Martin,African
Brielle,Roberts,African
Skylar,Stewart,African
Jocelyn,Evans,African
Jasmine,Harris,African
Jocelyn,Stewart,African
Cameron,Baker,African
Mila,Edwards,African
Isaiah,Edwards,African
Jaden,Green,African
Malik,Morgan,African
Jayla,Mitchell,African
Andre,Phillips,African
Brianna,Phillips,African
Michael,Rivera,African
Jaden,Phillips,African
Mason,Jackson,African
Jocelyn,Jones,African
Michael,Green,African
Skylar,Lewis,African
Genesis,Walker,African
Keisha,Brown,African
Keisha,Nelson,African
Ava,Lewis,African
Darius,Green,African
Brianna,Brown,African
Elijah,Nguyen,African
Brielle,Jones,African
Ebony,Rivera,African
Aria,Murphy,African
Xavier,Roberts,African
Kennedy,Nelson,African
Darius,Adams,African
Brielle,Campbell,African
Camila,Flores,African
Darius,Cook,African
Victoria,Green,African
Xavier,Morris,African
Aria,Evans,African
Jamal,Young,African
Jayla,Adams,African
Jasmine,Jackson,African
Zuri,Jones,African
Michael,Smith,African
Jayla,Cook,African
Michael,Hall,African
Jaxon,Parker,African
Latoya,Nelson,African
Malik,Harris,African
Andre,Lee,African
Skylar,Scott,African
Jeremiah,Scott,African
Brianna,Hill,African
Aiden,Jackson,African
Malik,Allen,African
Aiden,Robinson,African
Michael,Wright,African
Mason,Young,African
Jasmine,Carter,African
Darius,Flores,African
Aaliyah,Evans,African
Xavier,Jones,African
Elijah,Davis,African
Camila,Turner,African
Keisha,Robinson,African
Isaiah,Collins,African
Malik,Evans,African
Ebony,Rogers,African
Genesis,Rivera,African
Michael,Young,African
Terrence,Carter,African
Amir,Jackson,African
Caleb,Hall,African
Terrence,Cooper,African
Darius,Torres,African
Tanisha,King,African
Elijah,Carter,African
Mason,Morgan,African
Brielle,Lewis,African
Josiah,Allen,African
Keshawn,Flores,African
Isaiah,Morris,African
Kennedy,Turner,African
Terrence,Nguyen,African
Malik,Collins,African
Jaden,Torres,African
Genesis,Hill,African
Xavier,Evans,African
Jeremiah,Scott,African
Malik,Allen,African
Brianna,Allen,African
Jocelyn,Martin,African
Serenity,Thompson,African
Zoe,Peterson,African
Brianna,Baker,African
Jaden,White,African
Amir,Thomas,African
Terrence,Jones,African
Caleb,Murphy,African
Victoria,Smith,African
Jaxon,Stewart,African
Josiah,Nguyen,African
Ava,Cook,African
Jayden,Williams,African
Caleb,Young,African
Nia,Stewart,African
Amir,Thomas,African
Skylar,Allen,African
Riley,Harris,African
Ava,Nguyen,African
Jayden,Stewart,African
Nia,Morris,African
Jaden,Harris,African
Jaxon,Scott,African
Malik,Wright,African
Ethan,Turner,African
Latoya,White,African
Aria,Green,African
Kennedy,Robinson,African
Jayla,Edwards,African
Darius,Green,African
Jaden,Hill,African
Imani,Lewis,African
Jasmine,Morris,African
Xavier,Adams,African
Brianna,Nguyen,African
Ethan,Allen,African
Isaiah,Peterson,African
Shanice,Reed,African
Andre,Adams,African
Mason,Robinson,African
Malik,King,African
Josiah,Hill,African
Riley,Cooper,African
Michael,Morris,African
Isaiah,Morris,African
Victoria,Thomas,African
Zoe,Lee,African
Xavier,Evans,African
Malik,Rivera,African
Keisha,Campbell,African
Isaiah,Smith,African
Tanisha,Murphy,African
Mila,Murphy,African
Riley,Robinson,African
Skylar,Stewart,African
Jocelyn,Walker,African
Michael,Rogers,African
Zuri,Jackson,African
Isaiah,Scott,African
Nia,Peterson,African
Latoya,White,African
Xavier,Green,African
Imani,Hall,African
Xavier,Williams,African
Skylar,Brown,African
Michael,Nelson,African
Imani,White,African
Keisha,Reed,African
Riley,Allen,African
Josiah,Williams,African
Caleb,Morgan,African
Layla,Nguyen,African
Shanice,Evans,African
Terrence,Flores,African
Imani,Thomas,African
Keisha,Robinson,African
Imani,Nguyen,African
Andre,Torres,African
Skylar,Thomas,African
Nia,Parker,African
Caleb,Green,African
Camila,Johnson,African
Isaiah,Jones,African
Xavier,Lee,African
Ethan,Nguyen,African
Zoe,Campbell,African
Ethan,Collins,African
Mila,Hill,African
Aria,Smith,African
Ava,Robinson,African
Imani,Lewis,African
Jamal,Brown,African
Carter,Wright,African
Riley,Flores,African
Amir,Green,African
Brielle,Smith,African
Keshawn,Rogers,African
Victoria,Carter,African
Jamal,Johnson,African
Aaliyah,Nelson,African
Camila,Lee,African
Tanisha,Jackson,African
Jeremiah,Scott,African
Xavier,Roberts,African
Michael,Lee,African
Genesis,Wright,African
Xavier,Turner,African
Keisha,Davis,African
Layla,Cooper,African
Ava,Jones,African
Ava,Hill,African
Jaden,Nelson,African
Jeremiah,Reed,African
Tanisha,Campbell,African
Kennedy,King,African
Kennedy,Adams,African
Jayden,Phillips,African
Mason,Reed,African
Jasmine,Lee,African
Jasmine,Johnson,African
Aiden,Flores,African
Ebony,Hall,African
Ebony,Collins,African
Keshawn,Phillips,African
Andre,Stewart,African
Ava,Collins,African
Genesis,Young,African
Shanice,Brown,African
Keisha,Campbell,African
Josiah,Morris,African
Isaiah,Harris,African
Aria,Stewart,African
Isaiah,Adams,African
Carter,Torres,African
Xavier,Phillips,African
Kennedy,Morris,African
Aiden,Jones,African
Carter,Stewart,African
Jocelyn,Green,African
Skylar,Robinson,African
Aiden,Brown,African
Cameron,Martin,African
Jaxon,Brown,African
Keshawn,Morgan,African
Ebony,Nelson,African
Tanisha,Reed,African
Michael,Campbell,African
Mila,Lee,African
Shanice,Edwards,African
Xavier,Martin,African
Isaiah,Hall,African
Isaiah,Flores,African
Mason,Rivera,African
Zoe,Young,African
Zoe,Thomas,African
Malik,Allen,African
Jamal,Cook,African
Ava,Edwards,African
Zuri,Cook,African
Latoya,King,African
Malik,Cooper,African
Caleb,Baker,African
Jaxon,Baker,African
Mila,Morgan,African
Mason,Nelson,African
Jeremiah,Morris,African
Elijah,Collins,African
Nia,Jones,African
Jamal,Roberts,African
Michael,Nguyen,African
Aria,Campbell,African
Aiden,Young,African
Cameron,Davis,African
Imani,Turner,African
Mila,Lewis,African
Victoria,Roberts,African
Zoe,Scott,African
Malik,Torres,African
Brianna,Hall,African
Zuri,Brown,African
Elijah,Rivera,African
Jaden,Hall,African
Zuri,Reed,African
Isaiah,Walker,African
Shanice,Reed,African
Mason,Peterson,African
Amir,Jones,African
Camila,Phillips,African
Aria,Allen,African
Zuri,Morris,African
Efim,Vorobyov,Non-African
Valentina,Yakovlev,Non-African
Nikolai,Kuznetsov,Non-African
Arkady,Stepanov,Non-African
Konstantin,Stepanov,Non-African
Boris,Alyoshin,Non-African
Igor,Kozlov,Non-African
Konstantin,Mikhailov,Non-African
Olga,Vasilyev,Non-African
Svetlana,Nikolaev,Non-African
Vasiliy,Mitrofanov,Non-African
Arkady,Pavlov,Non-African
Efim,Alyoshin,Non-African
Valentina,Savelyev,Non-African
Olga,Pavlov,Non-African
Ilya,Pavlov,Non-African
Vasiliy,Savelyev,Non-African
Semyon,Babanin,Non-African
Tatiana,Barkov,Non-African
Denis,Smirnov,Non-African
Daria,Pavlov,Non-African
Maxim,Mitrofanov,Non-African
Grigory,Novikov,Non-African
Pavel,Nikolaev,Non-African
Svetlana,Barkov,Non-African
Vadim,Barkov,Non-African
Elena,Alekseev,Non-African
Elena,Tikhomirov,Non-African
Andrei,Yakovlev,Non-African
Zoya,Rogov,Non-African
Irina,Stepanov,Non-African
Polina,Golubev,Non-African
Pavel,Savelyev,Non-African
Maxim,Vinogradov,Non-African
Inna,Vasilyev,Non-African
Andrei,Rogov,Non-African
Polina,Kozlov,Non-African
Andrei,Afanasev,Non-African
Ivan,Tikhomirov,Non-African
Efim,Afanasev,Non-African
Inna,Mitrofanov,Non-African
Maria,Sorokin,Non-African
Natasha,Nikitin,Non-African
Igor,Vorobyov,Non-African
Vadim,Alekseev,Non-African
Oksana,Tikhomirov,Non-African
Inna,Savelyev,Non-African
Gennady,Davydov,Non-African
Sonia,Bogdanov,Non-African
Bogdan,Yakovlev,Non-African
Anastasia,Alyoshin,Non-African
Roman,Stepanov,Non-African
Maxim,Krylov,Non-African
Yuri,Nikitin,Non-African
Nikolai,Davydov,Non-African
Konstantin,Kuznetsov,Non-African
Boris,Chernov,Non-African
Vadim,Sorokin,Non-African
Olga,Bogdanov,Non-African
Anastasia,Makarov,Non-African
Vadim,Larionov,Non-African
Arkady,Tikhomirov,Non-African
Ivan,Afanasev,Non-African
Katarina,Davydov,Non-African
Zoya,Semenov,Non-African
Gennady,Vasiliev,Non-African
Semyon,Matveev,Non-African
Ilya,Alyoshin,Non-African
Galina,Popov,Non-African
Igor,Efimov,Non-African
Zinaida,Krylov,Non-African
Bogdan,Semenov,Non-African
Andrei,Krylov,Non-African
Efim,Sidorov,Non-African
Natasha,Chernov,Non-African
Oksana,Belyaev,Non-African
Konstantin,Vinogradov,Non-African
Bogdan,Tarasov,Non-African
Viktor,Barkov,Non-African
Zinaida,Vorobyov,Non-African
Alexei,Ivanov,Non-African
Polina,Stepanov,Non-African
Dmitry,Makarov,Non-African
Maxim,Makarov,Non-African
Sergei,Kozlov,Non-African
Sergei,Rogov,Non-African
Maria,Zaitsev,Non-African
Gennady,Vinogradov,Non-African
Natasha,Efimov,Non-African
Valentina,Kozlov,Non-African
Oksana,Makarov,Non-African
Inna,Semenov,Non-African
Elena,Petrov,Non-African
Bogdan,Vasilyev,Non-African
Vadim,Bogdanov,Non-African
Nikolai,Barkov,Non-African
Katarina,Vasilyev,Non-African
Semyon,Mitrofanov,Non-African
Roman,Volkov,Non-African
Viktor,Nikolaev,Non-African
Valentina,Zaitsev,Non-African
Sergei,Novikov,Non-African
Denis,Yakovlev,Non-African
Gennady,Sorokin,Non-African
Arkady,Vorobyov,Non-African
Inna,Tikhomirov,Non-African
Vasiliy,Nikolaev,Non-African
Galina,Nikolaev,Non-African
Boris,Savelyev,Non-African
Dmitry,Vasilyev,Non-African
Bogdan,Babanin,Non-African
Vasiliy,Krylov,Non-African
Denis,Belyaev,Non-African
Ilya,Fedorov,Non-African
Tatiana,Chernov,Non-African
Bogdan,Stepanov,Non-African
Pavel,Fedorov,Non-African
Bogdan,Fedorov,Non-African
Irina,Afanasev,Non-African
Valentina,Mitrofanov,Non-African
Pavel,Morozov,Non-African
Anastasia,Bogdanov,Non-African
Efim,Mikhailov,Non-African
Katarina,Krylov,Non-African
Igor,Vorobyov,Non-African
Dmitry,Petrov,Non-African
Andrei,Gusev,Non-African
Pavel,Mikhailov,Non-African
Yuri,Kozlov,Non-African
Arkady,Vinogradov,Non-African
Maria,Nikitin,Non-African
Gennady,Novikov,Non-African
Grigory,Tarasov,Non-African
Ludmila,Savelyev,Non-African
Zinaida,Kuznetsov,Non-African
Nikolai,Vasilyev,Non-African
Olga,Druzhinin,Non-African
Vadim,Mikhailov,Non-African
Maria,Pavlov,Non-African
Mikhail,Zaitsev,Non-African
Elena,Orlov,Non-African
Daria,Druzhinin,Non-African
Ivan,Matveev,Non-African
Irina,Alyoshin,Non-African
Svetlana,Kozlov,Non-African
Arkady,Gusev,Non-African
Daria,Kozlov,Non-African
Ludmila,Semenov,Non-African
Sergei,Babanin,Non-African
Maria,Gusev,Non-African
Vasiliy,Savelyev,Non-African
Maria,Nikitin,Non-African
Ilya,Alekseev,Non-African
Pavel,Gusev,Non-African
Roman,Popov,Non-African
Pavel,Smirnov,Non-African
Katarina,Vasilyev,Non-African
Boris,Nikolaev,Non-African
Valentina,Mikhailov,Non-African
Roman,Tikhomirov,Non-African
Zinaida,Makarov,Non-African
Anna,Bogdanov,Non-African
Natasha,Smirnov,Non-African
Dmitry,Vinogradov,Non-African
Pavel,Mikhailov,Non-African
Oksana,Alyoshin,Non-African
Denis,Tikhomirov,Non-African
Mikhail,Krylov,Non-African
Semyon,Chernov,Non-African
Inna,Afanasev,Non-African
Alexei,Yakovlev,Non-African
Oksana,Volkov,Non-African
Gennady,Nikolaev,Non-African
Ilya,Zaitsev,Non-African
Olga,Sidorov,Non-African
Tatiana,Semenov,Non-African
Vasiliy,Ivanov,Non-African
Yuri,Smirnov,Non-African
Vadim,Savelyev,Non-African
Igor,Barkov,Non-African
Roman,Makarov,Non-African
Ilya,Yakovlev,Non-African
Irina,Tikhomirov,Non-African
Zoya,Bogdanov,Non-African
Efim,Samsonov,Non-African
Maxim,Yakovlev,Non-African
Zinaida,Popov,Non-African
Svetlana,Petrov,Non-African
Anastasia,Efimov,Non-African
Natasha,Alekseev,Non-African
Valentina,Orlov,Non-African
Ilya,Matveev,Non-African
Yuri,Fedorov,Non-African
Roman,Zaitsev,Non-African
Roman,Tarasov,Non-African
Dmitry,Efimov,Non-African
Nikolai,Afanasev,Non-African
Maria,Vasilyev,Non-African
Mikhail,Vasilyev,Non-African
Andrei,Efimov,Non-African
Arkady,Samsonov,Non-African
Roman,Golubev,Non-African
Maria,Samsonov,Non-African
Arkady,Sidorov,Non-African
Sergei,Nikitin,Non-African
Zoya,Afanasev,Non-African
Grigory,Chernov,Non-African
Katarina,Vasilyev,Non-African
Natasha,Samsonov,Non-African
Galina,Tarasov,Non-African
Semyon,Alekseev,Non-African
Gennady,Chernov,Non-African
Katarina,Zaitsev,Non-African
Galina,Semenov,Non-African
Olga,Savelyev,Non-African
Efim,Vorobyov,Non-African
Zoya,Chernov,Non-African
Anton,Efimov,Non-African
Anastasia,Morozov,Non-African
Gennady,Savelyev,Non-African
Fyodor,Kozlov,Non-African
Boris,Semenov,Non-African
Mikhail,Nikitin,Non-African
Zinaida,Alyoshin,Non-African
Konstantin,Fedorov,Non-African
Konstantin,Smirnov,Non-African
Vasiliy,Novikov,Non-African
Gennady,Novikov,Non-African
Anton,Sidorov,Non-African
Viktor,Semenov,Non-African
Bogdan,Alekseev,Non-African
Arkady,Matveev,Non-African
Inna,Pavlov,Non-African
Sergei,Nikitin,Non-African
Efim,Alekseev,Non-African
Boris,Orlov,Non-African
Valentina,Babanin,Non-African
Maxim,Chernov,Non-African
Aleksandr,Belyaev,Non-African
Maria,Popov,Non-African
Sergei,Barkov,Non-African
Fyodor,Davydov,Non-African
Tatiana,Zotov,Non-African
Konstantin,Chernov,Non-African
Sonia,Druzhinin,Non-African
Ludmila,Smirnov,Non-African
Grigory,Druzhinin,Non-African
Dmitry,Stepanov,Non-African
Nikolai,Nikitin,Non-African
Yuri,Samsonov,Non-African
Maria,Efimov,Non-African
Denis,Belyaev,Non-African
Semyon,Yakovlev,Non-African
Maria,Rogov,Non-African
Viktor,Orlov,Non-African
Polina,Bogdanov,Non-African
Natasha,Zaitsev,Non-African
Olga,Alyoshin,Non-African
Konstantin,Vasiliev,Non-African
Gennady,Popov,Non-African
Bogdan,Makarov,Non-African
Fyodor,Orlov,Non-African
Arkady,Larionov,Non-African
Yuri,Golubev,Non-African
Daria,Mitrofanov,Non-African
Vadim,Pavlov,Non-African
Anna,Ivanov,Non-African
Zinaida,Efimov,Non-African
Katarina,Polyakov,Non-African
Irina,Polyakov,Non-African
Yuri,Zaitsev,Non-African
Fyodor,Belyaev,Non-African
Maria,Semenov,Non-African
Natasha,Kuznetsov,Non-African
Sonia,Matveev,Non-African
Anastasia,Novikov,Non-African
Irina,Vorobyov,Non-African
Maxim,Novikov,Non-African
Efim,Orlov,Non-African
Svetlana,Samsonov,Non-African
Zoya,Pavlov,Non-African
Galina,Rogov,Non-African
Valentina,Rogov,Non-African
Anastasia,Yakovlev,Non-African
Irina,Semenov,Non-African
Irina,Tikhomirov,Non-African
Gennady,Sidorov,Non-African
Natasha,Popov,Non-African
Andrei,Davydov,Non-African
Elena,Zaitsev,Non-African
Mikhail,Smirnov,Non-African
Yuri,Babanin,Non-African
Semyon,Zaitsev,Non-African
Sonia,Ivanov,Non-African
Fyodor,Mitrofanov,Non-African
Nikolai,Novikov,Non-African
Arkady,Tikhomirov,Non-African
Anton,Smirnov,Non-African
Daria,Krylov,Non-African
Efim,Volkov,Non-African
Semyon,Larionov,Non-African
Bogdan,Orlov,Non-African
Dmitry,Krylov,Non-African
Tatiana,Stepanov,Non-African
Gennady,Golubev,Non-African
Ivan,Zotov,Non-African
Ilya,Fedorov,Non-African
Aleksandr,Vinogradov,Non-African
Vadim,Nikolaev,Non-African
Sonia,Tikhomirov,Non-African
Tatiana,Morozov,Non-African
Sonia,Krylov,Non-African
Oksana,Nikitin,Non-African
Mikhail,Ivanov,Non-African
Yuri,Sorokin,Non-African
Zinaida,Smirnov,Non-African
Maria,Morozov,Non-African
Denis,Belyaev,Non-African
Polina,Ivanov,Non-African
Ivan,Tikhomirov,Non-African
Vasiliy,Savelyev,Non-African
Semyon,Chernov,Non-African
Gennady,Vorobyov,Non-African
Sonia,Smirnov,Non-African
Polina,Kuznetsov,Non-African
Viktor,Vinogradov,Non-African
Oksana,Polyakov,Non-African
Viktor,Vasilyev,Non-African
Sonia,Nikolaev,Non-African
Zoya,Vasiliev,Non-African
Tatiana,Smirnov,Non-African
Pavel,Efimov,Non-African
Sonia,Tarasov,Non-African
Zinaida,Smirnov,Non-African
Sonia,Chernov,Non-African
Oksana,Volkov,Non-African
Aleksandr,Matveev,Non-African
Vasiliy,Ivanov,Non-African
Maxim,Krylov,Non-African
Zoya,Zaitsev,Non-African
Irina,Polyakov,Non-African
Zoya,Alyoshin,Non-African
Vadim,Volkov,Non-African
Pavel,Bogdanov,Non-African
Valentina,Tikhomirov,Non-African
Inna,Babanin,Non-African
Mikhail,Popov,Non-African
Yuri,Vasilyev,Non-African
Maxim,Tarasov,Non-African
Sergei,Kozlov,Non-African
Mikhail,Vinogradov,Non-African
Elena,Barkov,Non-African
Viktor,Nikolaev,Non-African
Grigory,Smirnov,Non-African
Konstantin,Orlov,Non-African
Vasiliy,Popov,Non-African
Ilya,Afanasev,Non-African
Viktor,Gusev,Non-African
Ludmila,Gusev,Non-African
Polina,Efimov,Non-African
Galina,Tikhomirov,Non-African
Roman,Babanin,Non-African
Ivan,Krylov,Non-African
Efim,Nikolaev,Non-African
Viktor,Makarov,Non-African
Nikolai,Makarov,Non-African
Maria,Tarasov,Non-African
Daria,Alekseev,Non-African
Elena,Sidorov,Non-African
Daria,Vasiliev,Non-African
Ilya,Mitrofanov,Non-African
Valentina,Yakovlev,Non-African
Katarina,Vasilyev,Non-African
Gennady,Yakovlev,Non-African
Aleksandr,Kozlov,Non-African
Denis,Matveev,Non-African
Fyodor,Barkov,Non-African
Dmitry,Chernov,Non-African
Maxim,Larionov,Non-African
Katarina,Smirnov,Non-African
Tatiana,Druzhinin,Non-African
Roman,Rogov,Non-African
Oksana,Golubev,Non-African
Fyodor,Tikhomirov,Non-African
Katarina,Efimov,Non-African
Maxim,Mitrofanov,Non-African
Polina,Efimov,Non-African
Katarina,Ivanov,Non-African
Arkady,Kuznetsov,Non-African
Anna,Orlov,Non-African
Nikolai,Petrov,Non-African
Sergei,Kuznetsov,Non-African
Grigory,Davydov,Non-African
Arkady,Makarov,Non-African
Tatiana,Alyoshin,Non-African
Vadim,Makarov,Non-African
Mikhail,Bogdanov,Non-African
Semyon,Nikitin,Non-African
Denis,Popov,Non-African
Anna,Matveev,Non-African
Daria,Gusev,Non-African
Ilya,Orlov,Non-African
Ludmila,Nikolaev,Non-African
Igor,Makarov,Non-African
Andrei,Novikov,Non-African
Fyodor,Savelyev,Non-African
Igor,Matveev,Non-African
Vasiliy,Vinogradov,Non-African
Dmitry,Alyoshin,Non-African
Vadim,Samsonov,Non-African
Roman,Tikhomirov,Non-African
Vasiliy,Kuznetsov,Non-African
Sergei,Tikhomirov,Non-African
Maria,Polyakov,Non-African
Roman,Babanin,Non-African
Maxim,Sidorov,Non-African
Yuri,Popov,Non-African
Vasiliy,Vorobyov,Non-African
Ivan,Zaitsev,Non-African
Roman,Gusev,Non-African
Anastasia,Nikolaev,Non-African
Andrei,Tarasov,Non-African
Roman,Tarasov,Non-African
Andrei,Vasilyev,Non-African
Dmitry,Nikitin,Non-African
Mikhail,Nikitin,Non-African
Anastasia,Fedorov,Non-African
Gennady,Mitrofanov,Non-African
Tatiana,Matveev,Non-African
Galina,Davydov,Non-African
Grigory,Polyakov,Non-African
Vasiliy,Fedorov,Non-African
Dmitry,Smirnov,Non-African
Natasha,Davydov,Non-African
Igor,Orlov,Non-African
Zoya,Vasiliev,Non-African
Sonia,Efimov,Non-African
Igor,Petrov,Non-African
Sonia,Savelyev,Non-African
Boris,Orlov,Non-African
Tatiana,Kuznetsov,Non-African
Ilya,Nikitin,Non-African
Ilya,Rogov,Non-African
Zinaida,Kuznetsov,Non-African
Denis,Zaitsev,Non-African
Alexei,Golubev,Non-African
Zoya,Yakovlev,Non-African
Svetlana,Rogov,Non-African
Ludmila,Golubev,Non-African
Polina,Stepanov,Non-African
Svetlana,Vasilyev,Non-African
Efim,Rogov,Non-African
Denis,Polyakov,Non-African
Semyon,Morozov,Non-African
Denis,Makarov,Non-African
Natasha,Sidorov,Non-African
Viktor,Druzhinin,Non-African
Semyon,Stepanov,Non-African
Semyon,Sorokin,Non-African
Gennady,Vinogradov,Non-African
Anna,Volkov,Non-African
Aleksandr,Larionov,Non-African
Boris,Babanin,Non-African
Katarina,Afanasev,Non-African
Efim,Zotov,Non-African
Vadim,Tarasov,Non-African
Semyon,Bogdanov,Non-African
Galina,Pavlov,Non-African
Daria,Bogdanov,Non-African
Natasha,Polyakov,Non-African
Irina,Orlov,Non-African
Sonia,Kuznetsov,Non-African
Gennady,Golubev,Non-African
Maxim,Makarov,Non-African
Anastasia,Zotov,Non-African
Alexei,Fedorov,Non-African
Ilya,Savelyev,Non-African
Oksana,Chernov,Non-African
Aleksandr,Mitrofanov,Non-African
Yuri,Kuznetsov,Non-African
Ivan,Sorokin,Non-African
Boris,Alekseev,Non-African
Anton,Babanin,Non-African
Fyodor,Pavlov,Non-African
Dmitry,Afanasev,Non-African
Grigory,Ivanov,Non-African
Tatiana,Novikov,Non-African
Daria,Rogov,Non-African
Anna,Nikolaev,Non-African
Ludmila,Alyoshin,Non-African
Dmitry,Sorokin,Non-African
Roman,Kozlov,Non-African
Irina,Yakovlev,Non-African
Galina,Efimov,Non-African
Grigory,Mikhailov,Non-African
Maria,Zotov,Non-African
Anton,Efimov,Non-African
Efim,Stepanov,Non-African
Maria,Ivanov,Non-African
Katarina,Bogdanov,Non-African
Nikolai,Morozov,Non-African
Denis,Semenov,Non-African
Anna,Samsonov,Non-African
Katarina,Druzhinin,Non-African
Dmitry,Mitrofanov,Non-African
Valentina,Ivanov,Non-African
Oksana,Krylov,Non-African
Polina,Babanin,Non-African
Bogdan,Polyakov,Non-African
Alexei,Vasilyev,Non-African
Pavel,Matveev,Non-African
Zinaida,Morozov,Non-African
Valentina,Yakovlev,Non-African
Efim,Sidorov,Non-African
Konstantin,Chernov,Non-African
Maria,Nikitin,Non-African
Tatiana,Popov,Non-African
Sergei,Larionov,Non-African
Svetlana,Vasiliev,Non-African
Ilya,Makarov,Non-African
Mikhail,Nikitin,Non-African
Inna,Golubev,Non-African
Katarina,Barkov,Non-African
Fyodor,Popov,Non-African
Anastasia,Popov,Non-African
Polina,Smirnov,Non-African
Vadim,Savelyev,Non-African
Zinaida,Kuznetsov,Non-African
Vadim,Rogov,Non-African
Nikolai,Vorobyov,Non-African
Daria,Barkov,Non-African
Yuri,Morozov,Non-African
Denis,Orlov,Non-African
Sonia,Nikolaev,Non-African
Inna,Savelyev,Non-African
Ivan,Nikitin,Non-African
Gennady,Polyakov,Non-African
Yuri,Nikolaev,Non-African
Elena,Orlov,Non-African
Efim,Kuznetsov,Non-African
Anton,Novikov,Non-African
Ludmila,Efimov,Non-African
Yuri,Kozlov,Non-African
Ilya,Volkov,Non-African
Gennady,Fedorov,Non-African
Vadim,Sorokin,Non-African
Pavel,Bogdanov,Non-African
Ludmila,Matveev,Non-African
Maria,Barkov,Non-African
Valentina,Novikov,Non-African
Aleksandr,Nikolaev,Non-African
Sonia,Orlov,Non-African
Zinaida,Vasilyev,Non-African
Maxim,Volkov,Non-African
Zoya,Tikhomirov,Non-African
Mikhail,Samsonov,Non-African
Daria,Tikhomirov,Non-African
Arkady,Sidorov,Non-African
Yuri,Samsonov,Non-African
Polina,Pavlov,Non-African
Vadim,Popov,Non-African
Konstantin,Stepanov,Non-African
Svetlana,Semenov,Non-African
Semyon,Makarov,Non-African
Olga,Belyaev,Non-African
Elena,Orlov,Non-African
Roman,Chernov,Non-African
Pavel,Petrov,Non-African
Ivan,Bogdanov,Non-African
Zoya,Zaitsev,Non-African
Mikhail,Tarasov,Non-African
Inna,Stepanov,Non-African
Polina,Sorokin,Non-African
Olga,Savelyev,Non-African
Tatiana,Smirnov,Non-African
Vasiliy,Ivanov,Non-African
Anna,Samsonov,Non-African
Sergei,Chernov,Non-African
Elena,Smirnov,Non-African
Sonia,Samsonov,Non-African
Vasiliy,Golubev,Non-African
Alexei,Alyoshin,Non-African
Sergei,Krylov,Non-African
Maria,Kozlov,Non-African
Svetlana,Stepanov,Non-African
Inna,Savelyev,Non-African
Pavel,Petrov,Non-African
Denis,Kuznetsov,Non-African
Efim,Zotov,Non-African
Elena,Zaitsev,Non-African
Galina,Smirnov,Non-African
Zinaida,Zotov,Non-African
Bogdan,Samsonov,Non-African
Pavel,Pavlov,Non-African
Viktor,Sidorov,Non-African
Anastasia,Sorokin,Non-African
Viktor,Fedorov,Non-African
Gennady,Rogov,Non-African
Pavel,Samsonov,Non-African
Sonia,Vinogradov,Non-African
Vadim,Petrov,Non-African
Bogdan,Tikhomirov,Non-African
Dmitry,Fedorov,Non-African
Boris,Novikov,Non-African
Inna,Mikhailov,Non-African
Valentina,Orlov,Non-African
Efim,Vasiliev,Non-African
Ilya,Petrov,Non-African
Tatiana,Gusev,Non-African
Inna,Stepanov,Non-African
Daria,Alekseev,Non-African
Fyodor,Bogdanov,Non-African
Aleksandr,Afanasev,Non-African
Roman,Kuznetsov,Non-African
Olga,Orlov,Non-African
Arkady,Smirnov,Non-African
Efim,Mikhailov,Non-African
Arkady,Vasiliev,Non-African
Pavel,Matveev,Non-African
Pavel,Alyoshin,Non-African
Aleksandr,Savelyev,Non-African
Vadim,Davydov,Non-African
Aleksandr,Chernov,Non-African
Semyon,Davydov,Non-African
Irina,Semenov,Non-African
Zinaida,Afanasev,Non-African
Aleksandr,Yakovlev,Non-African
Galina,Zotov,Non-African
Efim,Makarov,Non-African
Anastasia,Vinogradov,Non-African
Polina,Fedorov,Non-African
Maxim,Nikolaev,Non-African
Ivan,Novikov,Non-African
Sergei,Vasiliev,Non-African
Yuri,Efimov,Non-African
Semyon,Sidorov,Non-African
Galina,Chernov,Non-African
Elena,Matveev,Non-African
Tatiana,Efimov,Non-African
Olga,Chernov,Non-African
Tatiana,Barkov,Non-African
Vasiliy,Vasilyev,Non-African
Zoya,Krylov,Non-African
Anna,Orlov,Non-African
Efim,Savelyev,Non-African
Inna,Zotov,Non-African
Denis,Sidorov,Non-African
Ludmila,Chernov,Non-African
Ilya,Novikov,Non-African
Ivan,Babanin,Non-African
Svetlana,Davydov,Non-African
Vadim,Semenov,Non-African
Dmitry,Samsonov,Non-African
Aleksandr,Babanin,Non-African
Viktor,Fedorov,Non-African
Pavel,Kozlov,Non-African
Alexei,Savelyev,Non-African
Konstantin,Tikhomirov,Non-African
Vasiliy,Zotov,Non-African
Ludmila,Petrov,Non-African
Ivan,Nikitin,Non-African
Semyon,Mitrofanov,Non-African
Dmitry,Rogov,Non-African
Anna,Rogov,Non-African
Ludmila,Mikhailov,Non-African
Oksana,Chernov,Non-African
Mikhail,Vasiliev,Non-African
Dmitry,Yakovlev,Non-African
Igor,Nikolaev,Non-African
Sonia,Yakovlev,Non-African
Polina,Popov,Non-African
Vasiliy,Morozov,Non-African
Boris,Novikov,Non-African
Sonia,Matveev,Non-African
Maria,Ivanov,Non-African
Zinaida,Zotov,Non-African
Anton,Novikov,Non-African
Ilya,Smirnov,Non-African
Gennady,Nikitin,Non-African
Tatiana,Zotov,Non-African
Igor,Babanin,Non-African
Sergei,Pavlov,Non-African
Daria,Petrov,Non-African
Inna,Kozlov,Non-African
Svetlana,Zotov,Non-African
Polina,Efimov,Non-African
Maria,Babanin,Non-African
Ilya,Druzhinin,Non-African
Nikolai,Barkov,Non-African
Zoya,Golubev,Non-African
Gennady,Mitrofanov,Non-African
Roman,Vinogradov,Non-African
Zinaida,Vasilyev,Non-African
Dmitry,Nikolaev,Non-African
Alexei,Smirnov,Non-African
Inna,Volkov,Non-African
Natasha,Mitrofanov,Non-African
Ilya,Davydov,Non-African
Valentina,Barkov,Non-African
Tatiana,Krylov,Non-African
Konstantin,Fedorov,Non-African
Boris,Barkov,Non-African
Irina,Tikhomirov,Non-African
Zoya,Larionov,Non-African
Pavel,Davydov,Non-African
Olga,Morozov,Non-African
Valentina,Kozlov,Non-African
Alexei,Fedorov,Non-African
Efim,Nikolaev,Non-African
Denis,Tikhomirov,Non-African
Ivan,Smirnov,Non-African
Arkady,Polyakov,Non-African
Anastasia,Mitrofanov,Non-African
Gennady,Mitrofanov,Non-African
Igor,Vinogradov,Non-African
Sergei,Chernov,Non-African
Gennady,Barkov,Non-African
Bogdan,Petrov,Non-African
Grigory,Gusev,Non-African
Maria,Larionov,Non-African
Maxim,Barkov,Non-African
Aleksandr,Morozov,Non-African
Katarina,Rogov,Non-African
Olga,Larionov,Non-African
Elena,Volkov,Non-African
Nikolai,Tarasov,Non-African
Viktor,Morozov,Non-African
Andrei,Chernov,Non-African
Vadim,Fedorov,Non-African
Tatiana,Vasiliev,Non-African
Boris,Popov,Non-African
Natasha,Nikitin,Non-African
Ivan,Alyoshin,Non-African
Anton,Vasiliev,Non-African
Maria,Zaitsev,Non-African
Svetlana,Orlov,Non-African
Katarina,Stepanov,Non-African
Svetlana,Kuznetsov,Non-African
Ivan,Stepanov,Non-African
Polina,Vasilyev,Non-African
Polina,Ivanov,Non-African
Zinaida,Vinogradov,Non-African
Vasiliy,Polyakov,Non-African
Viktor,Barkov,Non-African
Svetlana,Vasiliev,Non-African
Nikolai,Yakovlev,Non-African
Katarina,Golubev,Non-African
Pavel,Afanasev,Non-African
Igor,Vasilyev,Non-African
Alexei,Sorokin,Non-African
